{"cameraMode":{"drawMode":0,"name":"Shaded","section":"Shading Mode"},"sceneLighting":true,"audioPlay":false,"sceneViewState":{"showFog":true,"showMaterialUpdate":false,"showSkybox":true,"showFlares":true,"showImageEffects":true,"showParticleSystems":true},"in2DMode":false,"pivot":{"x":0.0,"y":-1.2790813446044922,"z":-1.2880253791809083},"rotation":{"x":0.11144529283046723,"y":-0.5274070501327515,"z":0.07002130895853043,"w":0.8393595814704895},"size":38.909725189208987,"orthographic":false}